Unnamed: 0,Unnamed: 1,Unnamed: 2
,,
,,
,,
,,special price
,,199
,,130
,,249
,,120
,,124
,,120
,,125
,,135
,,121
,,125
,,130
,,128
,,130
,,279
,,140
,,126
,,120
,,179
,,186
,,185
,,160
,,119
,,139
,,118
,,149
,,118
,,123
,,126
,,499
,,121
,,115
,,140
,,140
,,140
,,123
,,127
,,180
,,130
,,258
,,125
,,125
,,258
,,180
,,127
,,125
,,130
,,189
,,132
,,123
,,165
,,256
,,196
,,125
,,126
,,381
,,114
,,120
,,399
,,299
,,139
,,226
,,125
,,118
,,118
,,149
,,132
,,119
,,149
,,120
,,160
,,135
,,127
,,122
,,115
,,118
,,122
,,125
,,120
,,117
,,134
,,135
,,146
,,135
,,119
,,112
,,146
,,399
,,191
,,124
,,161
,,125
,,121
,,189
,,220
,,297
,,133
,,174
,,139
,,175
,,125
,,124
,,120
,,185
,,126
,,167
,,135
,,299
,,125
,,145
,,152
,,130
,,130
,,135
,,146
,,199
,,169
,,128
,,169
,,120
,,199
,,123
,,127
,,140
,,130
,,483
,,180
,,250
,,136
,,170
,,125
,,115
,,127
,,130
,,129
,,140
,,165
,,196
,,120
,,138
,,160
,,125
,,125
,,122
,,173
,,123
,,121
,,294
,,160
,,135
,,183
,,182
,,126
,,123
,,127
,,155
,,119
,,158
,,119
,,131
,,119
,,126
,,126
,,123
,,126
,,123
,,161
,,299
,,137
,,122
,,125
,,129
,,119
,,390
,,118
,,210
,,122
,,142
,,145
,,140
,,129
,,126
,,126
,,133
,,125
,,174
,,135
,,599
,,145
,,139
,,125
,,127
,,275
,,126
,,128
,,129
,,127
,,128
,,163
,,132
,,140
,,130
,,129
,,155
,,239
,,129
,,128
,,128
,,126
,,139
,,160
,,135
,,124
,,127
,,132
,,127
,,140
,,120
,,122
,,153
,,125
,,130
,,249
,,125
,,128
,,147
,,219
,,125
,,118
,,127
,,135
,,126
,,125
,,122
,,144
,,135
,,122
,,135
,,749
,,139
,,127
,,199
,,122
,,157
,,113
,,125
,,189
,,169
,,185
,,189
,,115
,,134
,,149
,,270
,,125
,,143
,,159
,,299
,,135
,,137
,,299
,,129
,,125
,,275
,,145
,,119
,,145
,,126
,,124
,,298
,,122
,,141
,,289
,,135
,,125
,,189
,,271
,,127
,,126
,,130
,,130
,,126
,,166
,,199
,,150
,,127
,,178
,,135
,,145
,,121
,,134
,,134
,,150
,,237
,,126
,,139
,,171
,,113
,,165
,,158
,,120
,,136
,,155
,,126
,,135
,,127
,,127
,,125
,,163
,,128
,,139
,,155
,,288
,,180
,,155
,,143
,,135
,,129
,,199
,,120
,,449
,,139
,,449
,,113
,,126
,,148
,,134
,,296
,,126
,,452
,,130
,,122
,,135
,,125
,,120
,,199
,,120
,,121
,,135
,,149
,,118
,,122
,,115
,,109
,,122
,,162
,,138
,,136
,,399
,,199
,,127
,,242
,,128
,,134
,,126
,,199
,,170
,,142
,,121
,,137
,,199
,,171
,,299
,,169
,,399
,,249
,,129
,,134
,,349
,,125
,,329
,,123
,,271
,,299
,,299
,,177
,,268
,,135
,,165
,,329
,,329
,,133
,,289
,,299
,,299
,,179
,,199
,,275
,,249
,,299
,,379
,,199
,,199
,,298
,,199
,,299
,,290
,,229
,,199
,,399
,,279
